ID,AREA,EST_YEAR,SEASON,SVVESSEL,stratum,observed_small,observed_medium,observed_large,predicted_small,predicted_medium,predicted_large
201302012500030200,GB,2013,SPRING,HB,1250,0,5,0,0.07,8.15,-0.1
201302012300050200,GB,2013,SPRING,HB,1230,0,0,0,0.15,6.82,0.16
201302012300060200,GB,2013,SPRING,HB,1230,0,0,0,0.11,6.89,0.06
201302012400040200,GB,2013,SPRING,HB,1240,0,3,0,0.1,4.86,0.75
201302012400050200,GB,2013,SPRING,HB,1240,0,0,0,0.11,5.06,0.74
201302012300030200,GB,2013,SPRING,HB,1230,0,0,0,0.14,7.1,0.16
201302012500040200,GB,2013,SPRING,HB,1250,0,0,0,0.1,8.72,-0.08
201302012500010200,GB,2013,SPRING,HB,1250,0,0,0,0.1,7.72,-0.11
201302012300070200,GB,2013,SPRING,HB,1230,0,0,0,0.22,7.13,0.04
201302012500050200,GB,2013,SPRING,HB,1250,0,0,0,0.03,8.47,0.04
201302012300080200,GB,2013,SPRING,HB,1230,0,0,0,0.17,7.28,0.15
201302012800030200,GoM,2013,SPRING,HB,1280,0,0,0,0.02,1.07,0.44
201302012800010240,GoM,2013,SPRING,HB,1280,0,0,0,0.02,1.22,0.46
201302012400030240,GB,2013,SPRING,HB,1240,0,0,0,0.05,2.73,0.69
201302012400060220,GB,2013,SPRING,HB,1240,0,1,0,0.09,4.1,0.78
201302012400020220,GB,2013,SPRING,HB,1240,0,1,0,0.11,5.2,0.84
201302012400070240,GB,2013,SPRING,HB,1240,0,0,0,0.13,5.55,0.82
201302012400090240,GB,2013,SPRING,HB,1240,0,0,0,0.12,5.58,0.76
201302012300040260,GB,2013,SPRING,HB,1230,0,0,0,0.23,8.11,0.05
201302012000010240,GB,2013,SPRING,HB,1200,0,0,0,0.09,5.67,0.81
201302012000020220,GB,2013,SPRING,HB,1200,0,0,0,0.09,5.57,0.77
201302011900030240,GB,2013,SPRING,HB,1190,0,0,0,0.27,4.17,1.38
201302012300020220,GB,2013,SPRING,HB,1230,0,1,0,0.26,8.17,-0
201302012300010240,GB,2013,SPRING,HB,1230,0,0,0,0.27,8.32,0.05
201302011300090240,GB,2013,SPRING,HB,1130,0,3,0,0.11,5.48,0.99
201302011300110240,GB,2013,SPRING,HB,1130,0,0,0,0.13,5.7,0.85
201302011300100220,GB,2013,SPRING,HB,1130,0,0,0,0.12,5.51,0.94
201302011300120260,GB,2013,SPRING,HB,1130,0,0,0,0.07,3.98,0.86
201302011300050240,GB,2013,SPRING,HB,1130,0,0,0,0.06,3.56,0.75
201302011300020220,GB,2013,SPRING,HB,1130,0,0,0,0.07,3.72,0.74
201302011400030240,GB,2013,SPRING,HB,1140,0,0,0,0.03,1.27,0.41
201302011500020220,GB,2013,SPRING,HB,1150,0,0,0,0.03,1.53,0.45
201302011500010240,GB,2013,SPRING,HB,1150,0,0,0,0.02,1.21,0.4
201302011300140220,GB,2013,SPRING,HB,1130,0,0,0,0.07,3.41,0.59
201302011500030240,GB,2013,SPRING,HB,1150,0,0,0,-0.01,0.6,0.29
201302011300010240,GB,2013,SPRING,HB,1130,0,0,0,0.08,4.01,0.69
201302011300130240,GB,2013,SPRING,HB,1130,0,0,0,0.16,5.26,0.73
201302011300040260,GB,2013,SPRING,HB,1130,0,0,0,0.16,5.55,0.75
201302011900080260,GB,2013,SPRING,HB,1190,0,0,0,0.2,3.29,0.4
201302011900020220,GB,2013,SPRING,HB,1190,0,1,0,0.22,3.46,0.44
201302011300060220,GB,2013,SPRING,HB,1130,0,0,0,0.15,5.52,0.74
201302011300030240,GB,2013,SPRING,HB,1130,0,3,0,0.14,5.5,0.77
201302011300080260,GB,2013,SPRING,HB,1130,0,0,0,0.05,3.19,0.49
201302011400040260,GB,2013,SPRING,HB,1140,0,0,0,0.03,1.75,0.44
201302011400020220,GB,2013,SPRING,HB,1140,0,0,0,0.02,1.28,0.38
201302011300070240,GB,2013,SPRING,HB,1130,0,1,0,0.06,3.18,0.49
201302011300150240,GB,2013,SPRING,HB,1130,0,1,0,0.05,3.28,0.49
201302011400010240,GB,2013,SPRING,HB,1140,0,0,0,0.04,1.93,0.44
201302011800030240,GB,2013,SPRING,HB,1180,0,0,0,0.03,1.44,0.45
201302011800020220,GB,2013,SPRING,HB,1180,0,0,0,0.06,2.66,0.55
201302011700020220,GB,2013,SPRING,HB,1170,0,0,0,0.48,5.35,0.58
201302011700010240,GB,2013,SPRING,HB,1170,0,0,0,0.11,3.81,0.81
201302011600110240,GB,2013,SPRING,HB,1160,0,1,0,0.11,6.52,0.47
201302011600090240,GB,2013,SPRING,HB,1160,0,0,0,0.11,7.62,1.07
201302011900100220,GB,2013,SPRING,HB,1190,0,3,0,0.26,4.2,0.52
201302011600100220,GB,2013,SPRING,HB,1160,0,0,0,0.12,7,1
201302011600020220,GB,2013,SPRING,HB,1160,0,1,0,0.12,7.53,0.93
201302011600060220,GB,2013,SPRING,HB,1160,0,0,0,0.1,6.56,0.56
201302011600030240,GB,2013,SPRING,HB,1160,0,1,0,0.12,6.82,0.8
201302011700030240,GB,2013,SPRING,HB,1170,0,0,0,0.46,5.03,0.62
201302011800050270,GB,2013,SPRING,HB,1180,0,0,0,0.06,2.35,0.55
201302011700050270,GB,2013,SPRING,HB,1170,0,3,0,0.44,5.13,0.6
201302011600080300,GB,2013,SPRING,HB,1160,0,1,0,0.09,6.06,0.33
201302011600130270,GB,2013,SPRING,HB,1160,0,0,0,0.07,6.45,0.27
201302011700040300,GB,2013,SPRING,HB,1170,0,1.5,1.5,0.53,6.05,0.59
201302011600040300,GB,2013,SPRING,HB,1160,0,1.5,1.5,0.1,6.94,0.98
201302011600120300,GB,2013,SPRING,HB,1160,0,7.64,6.36,0.11,6.91,1.16
201302011600010270,GB,2013,SPRING,HB,1160,0,36,0,0.09,6.84,0.88
201302011800090270,GB,2013,SPRING,HB,1180,0,6.43,2.57,0.13,3.88,0.7
201302012900100300,GoM,2013,SPRING,HB,1290,0,5,0,0.05,1.78,0.47
201302012200020300,GB,2013,SPRING,HB,1220,0,6.11,4.89,0.08,3.05,0.61
201302012200010270,GB,2013,SPRING,HB,1220,0,4.89,6.11,0.26,4.2,0.72
201302012100050270,GB,2013,SPRING,HB,1210,0,655.73,40.27,0.07,19.16,9.61
201302012100040300,GB,2013,SPRING,HB,1210,0,46.87,10.13,0.11,19.83,9.57
201302011600050270,GB,2013,SPRING,HB,1160,0,15.43,2.57,0.08,11.93,5.12
201302011600070270,GB,2013,SPRING,HB,1160,0,3.75,1.25,0.08,12.27,6.1
201302012100030270,GB,2013,SPRING,HB,1210,0,0,0,0.58,9.56,3.7
201302012100010270,GB,2013,SPRING,HB,1210,0,0,0,0.48,13.5,5.76
201302012000070270,GB,2013,SPRING,HB,1200,0,0,0,0.03,8.7,1.24
201302011900040300,GB,2013,SPRING,HB,1190,0,1,0,0.27,8.18,2.06
201302011900010270,GB,2013,SPRING,HB,1190,0,4,0,0.34,7.78,2.05
201302011900090300,GB,2013,SPRING,HB,1190,0,6,0,0.35,7.45,1.66
201302011900110340,GB,2013,SPRING,HB,1190,0,18.75,1.25,0.15,6.88,1.42
201302011900120320,GB,2013,SPRING,HB,1190,0,4,0,0.12,6.89,1.29
201302012000040320,GB,2013,SPRING,HB,1200,0,70,0,0.04,8.47,1.44
201302012000030340,GB,2013,SPRING,HB,1200,0,18,0,0.07,7.62,1.18
201302012200040320,GB,2013,SPRING,HB,1220,0,1.5,1.5,0.12,4.82,0.76
201302012200030340,GB,2013,SPRING,HB,1220,0,1.33,2.67,0.11,4.38,0.71
201302013900050300,GoM,2013,SPRING,HB,1390,0,1,0,0.39,4.42,0.44
201302013900020320,GoM,2013,SPRING,HB,1390,0,1,0,0.62,6.17,0.3
201302013900030340,GoM,2013,SPRING,HB,1390,0,0,0,0.6,6.52,0.24
201302013800030340,GoM,2013,SPRING,HB,1380,0,0,0,0.11,4.14,0.67
201302013800020350,GoM,2013,SPRING,HB,1380,0,0,0,0.1,3.62,0.63
201302013900040350,GoM,2013,SPRING,HB,1390,0,0,0,0.17,3.37,0.45
201302013800060350,GoM,2013,SPRING,HB,1380,0,0,0,0.45,7.22,0.34
201302013900010370,GoM,2013,SPRING,HB,1390,0,0,0,0.68,6.98,0.34
201302013800050370,GoM,2013,SPRING,HB,1380,0,0,0,0.36,6.36,0.44
201302035900020350,GoM,2013,SPRING,HB,3590,0,0,0,0.25,3.32,0.57
201302036000020350,GoM,2013,SPRING,HB,3600,0,0,0,0.12,1.82,0.62
201302036000010370,GoM,2013,SPRING,HB,3600,0,0,0,0.12,2.2,0.55
201302035900030370,GoM,2013,SPRING,HB,3590,0,0,0,0.21,2.64,0.65
201302036100030370,GoM,2013,SPRING,HB,3610,0,0,0,0.05,13.67,2.73
201302036100020350,GoM,2013,SPRING,HB,3610,0,3,0,0.04,15.39,2.85
201302035600020350,GB,2013,SPRING,HB,3560,0,0,0,0.11,14.51,3.02
201302035600050370,GB,2013,SPRING,HB,3560,0,0,0,0.07,14.4,2.62
201302012700020350,GoM,2013,SPRING,HB,1270,0,1,0,0.12,6.46,1.72
201302012700050370,GoM,2013,SPRING,HB,1270,0,0,1,0.16,9.64,7.64
201302012800070370,GoM,2013,SPRING,HB,1280,0,0,0,0.02,1.5,0.47
201302012800060350,GoM,2013,SPRING,HB,1280,0,0,0,0.01,3.58,1.04
201302012800050370,GoM,2013,SPRING,HB,1280,0,0,0,0.03,1.9,0.49
201302013700040350,GoM,2013,SPRING,HB,1370,0,0,0,0.09,4.12,1.02
201302012800040350,GoM,2013,SPRING,HB,1280,0,0,0,0.02,3.48,1.08
201302012800020350,GoM,2013,SPRING,HB,1280,0,0,0,0.04,2.23,0.62
201302012400010370,GB,2013,SPRING,HB,1240,0,1.5,1.5,0.14,6.92,0.61
201302012900010370,GoM,2013,SPRING,HB,1290,0,0,0,0.15,4.31,1.16
2.0130201290008038e+017,GoM,2013,SPRING,HB,1290,0,0,0,0.12,3.96,0.97
201302012900070400,GoM,2013,SPRING,HB,1290,0,1.5,1.5,0.19,6.57,2.2
201302012900050400,GoM,2013,SPRING,HB,1290,0,5,0,0.19,7.71,2.76
201302012900090400,GoM,2013,SPRING,HB,1290,0,0,0,0.09,2.52,0.68
201302012900030400,GoM,2013,SPRING,HB,1290,0,5,0,0.13,4.28,1.51
201302013600010400,GoM,2013,SPRING,HB,1360,0,0,0,0.09,2.89,0.72
201302013600090400,GoM,2013,SPRING,HB,1360,0,0,0,0.01,1.45,0.45
201302013800070400,GoM,2013,SPRING,HB,1380,0,0,0,0.1,5.16,0.71
2.0130201380008038e+017,GoM,2013,SPRING,HB,1380,0,0,0,0.08,5.18,0.68
201302013800010400,GoM,2013,SPRING,HB,1380,0,0,0,0.06,5.17,0.6
2.0130201360004038e+017,GoM,2013,SPRING,HB,1360,0,0,0,0.1,2.82,0.73
201302013600050400,GoM,2013,SPRING,HB,1360,0,0,0,0.09,2.71,0.69
201302013700030400,GoM,2013,SPRING,HB,1370,0,0,0,0.1,3.91,0.94
2.0130201370006042e+017,GoM,2013,SPRING,HB,1370,0,0,0,0.12,5.75,1.42
2.0130201370002042e+017,GoM,2013,SPRING,HB,1370,0,0,1,0.17,7.07,1.72
201302013700070400,GoM,2013,SPRING,HB,1370,0,0,0,0.12,5.31,1.46
2.0130201380004038e+017,GoM,2013,SPRING,HB,1380,0,0,0,0.1,5.67,0.77
201302014000030400,GoM,2013,SPRING,HB,1400,0,0,0,0.13,6.6,1.59
201302012700030400,GoM,2013,SPRING,HB,1270,0,0,0,0.14,8.11,2.12
201302012700010400,GoM,2013,SPRING,HB,1270,0,8.75,1.25,0.13,10.62,3.59
2.0130201400002042e+017,GoM,2013,SPRING,HB,1400,0,3.75,1.25,0.12,2.56,0.45
2.0130201270004038e+017,GoM,2013,SPRING,HB,1270,0,0,1,0.07,8.68,3.55
201302014000010400,GoM,2013,SPRING,HB,1400,0,6.43,11.57,0.12,3.02,0.51
201302036500030400,GoM,2013,SPRING,HB,3650,0,1,0,0.09,13.61,2.16
2.0130203640002042e+017,GoM,2013,SPRING,HB,3640,0,1,0,0.26,12.5,0.47
2.0130203650002042e+017,GoM,2013,SPRING,HB,3650,0,0,0,-0.01,8.34,1.57
2.0130201260008038e+017,GoM,2013,SPRING,HB,1260,0,28.75,1.25,0.07,11.32,4.35
201302012600050400,GoM,2013,SPRING,HB,1260,0,11.7,1.3,0.23,9.23,1.73
201302012600110400,GoM,2013,SPRING,HB,1260,0,23.75,1.25,0.2,10.5,1.98
2.0130203660002042e+017,GoM,2013,SPRING,HB,3660,0,5,5,0.33,11.44,1.91
201302036500010400,GoM,2013,SPRING,HB,3650,0,6.5,6.5,0.33,8.7,0.92
2.0130203650004038e+017,GoM,2013,SPRING,HB,3650,1.25,3.75,0,0.42,9.64,0.81
201302036400030400,GoM,2013,SPRING,HB,3640,0,6,0,0.5,15.3,0.28
201302036600010400,GoM,2013,SPRING,HB,3660,0,14,0,0.44,12.01,1.72
201302036400010400,GoM,2013,SPRING,HB,3640,0,23,0,0.57,14.66,0.46
201302036600030400,GoM,2013,SPRING,HB,3660,0,1,0,0.45,13.03,1.9
201302012600030400,GoM,2013,SPRING,HB,1260,0,1,0,0.21,9.47,1.91
201302012600150400,GoM,2013,SPRING,HB,1260,0,112.92,20.08,0.16,11.24,2.07
2.0130201260002042e+017,GoM,2013,SPRING,HB,1260,0,28,0,0.14,13.84,2.35
2.0130201260016038e+017,GoM,2013,SPRING,HB,1260,0,11,0,0.02,10.55,1.9
2.0130201260004038e+017,GoM,2013,SPRING,HB,1260,0,4,0,0.11,11.78,2.35
201302012600010400,GoM,2013,SPRING,HB,1260,0,3,0,0.04,10.25,2.13
201302036000030400,GoM,2013,SPRING,HB,3600,0,0,0,0.08,1.28,0.68
201304011400010240,GB,2013,FALL,HB,1140,0,0,0,0.06,2.18,0.5
201304011300020220,GB,2013,FALL,HB,1130,0,0,0,0.18,4.38,0.72
201304011300050240,GB,2013,FALL,HB,1130,0,0,0,0.18,4.41,0.72
201304011300010240,GB,2013,FALL,HB,1130,0,0,0,0.11,4.52,0.73
201304012500030240,GB,2013,FALL,HB,1250,0,3,0,0.42,11.51,2.71
201304012500040260,GB,2013,FALL,HB,1250,0,0,0,0.66,11.65,2.52
201304012300040260,GB,2013,FALL,HB,1230,0,0,0,0.06,6.26,1.19
201304012500010240,GB,2013,FALL,HB,1250,0,0,0,0.82,9.32,2.45
201304012500020220,GB,2013,FALL,HB,1250,6.25,8.75,0,0.88,9.44,2.31
201304012300060220,GB,2013,FALL,HB,1230,0,0,0,0.09,5.95,0.99
201304012600040260,GoM,2013,FALL,HB,1260,0,8,0,0.24,8.62,1.31
201304035600040260,GB,2013,FALL,HB,3560,0,0,0,0.17,2.91,0.4
201304035600030240,GB,2013,FALL,HB,3560,0,0,0,0.18,3.24,0.49
201304035600010240,GB,2013,FALL,HB,3560,0,0,0,0.19,3.23,0.48
201304012400010240,GB,2013,FALL,HB,1240,0,0,0,0.13,5.55,0.82
201304012400070240,GB,2013,FALL,HB,1240,0,0,0,0.12,5.45,0.77
201304012300050240,GB,2013,FALL,HB,1230,0,1,0,0.09,5.84,1.08
201304012400050240,GB,2013,FALL,HB,1240,0,0,0,0.12,5.49,0.79
201304012300030240,GB,2013,FALL,HB,1230,0,0,0,0.09,5.94,1.09
201304012300020220,GB,2013,FALL,HB,1230,0,0,0,0.13,6.05,1.1
201304012300010240,GB,2013,FALL,HB,1230,0,0,0,0.2,6.28,1.15
201304012000040260,GB,2013,FALL,HB,1200,0,0,0,0.08,1.88,0.31
201304012000070240,GB,2013,FALL,HB,1200,0,0,0,0.07,1.91,0.33
201304011900090240,GB,2013,FALL,HB,1190,0,0,0,0.1,2.88,0.67
201304011900080260,GB,2013,FALL,HB,1190,0,0,0,0.13,1.93,0.52
201304011300100300,GB,2013,FALL,HB,1130,0,0,0,0.08,2.97,0.51
201304011900030270,GB,2013,FALL,HB,1190,0,0,0,0.08,1.42,0.28
201304011900010270,GB,2013,FALL,HB,1190,0,0,0,0.05,1.46,0.25
201304011300090270,GB,2013,FALL,HB,1130,0,0,0,0.08,3.11,0.62
201304011300040300,GB,2013,FALL,HB,1130,0,0,0,0.08,2.81,0.6
201304011300060300,GB,2013,FALL,HB,1130,0,0,0,0.05,2.13,0.61
201304011500010270,GB,2013,FALL,HB,1150,0,0,0,0.03,1.38,0.45
201304011400020300,GB,2013,FALL,HB,1140,0,0,0,0.02,1.69,0.56
201304011400040300,GB,2013,FALL,HB,1140,0,0,0,0.03,1.46,0.46
201304011500030270,GB,2013,FALL,HB,1150,0,0,0,-0.08,-0.33,0.28
201304011300030270,GB,2013,FALL,HB,1130,0,0,0,0.04,1.65,0.44
201304011300070270,GB,2013,FALL,HB,1130,0,0,0,0.06,2.01,0.5
201304011500040300,GB,2013,FALL,HB,1150,0,0,0,0.02,1.18,0.46
201304011300080300,GB,2013,FALL,HB,1130,0,0,0,0.05,1.68,0.46
201304011800040300,GB,2013,FALL,HB,1180,0,0,0,-0.02,0.28,0.41
201304011700030270,GB,2013,FALL,HB,1170,0,0,0,0.05,3.45,0.52
201304011800020300,GB,2013,FALL,HB,1180,0,0,0,-0.04,0.07,0.34
201304011700040300,GB,2013,FALL,HB,1170,0,0,0,0.08,3.51,0.47
201304011800030270,GB,2013,FALL,HB,1180,0,1,0,0.02,1.98,0.43
201304011600050270,GB,2013,FALL,HB,1160,0,0,0,0.12,5.69,0.85
201304011600140300,GB,2013,FALL,HB,1160,0,0,0,0.18,3.73,0.76
201304011600020300,GB,2013,FALL,HB,1160,0,0,0,0.13,4.83,0.91
201304011600060300,GB,2013,FALL,HB,1160,0,0,0,0.14,5.23,0.96
201304011600090270,GB,2013,FALL,HB,1160,0,0,0,0.13,6.8,1.05
201304011600030270,GB,2013,FALL,HB,1160,0,0,0,0.12,6.16,0.88
201304011600110270,GB,2013,FALL,HB,1160,0,0,0,0.11,6.47,1.01
201304011900060300,GB,2013,FALL,HB,1190,0,0,0,0.11,3.33,0.6
201304011900020300,GB,2013,FALL,HB,1190,0,0,0,0.13,2.36,0.52
201304011900070340,GB,2013,FALL,HB,1190,0,0,0,0.32,3.1,0.67
201304012000060320,GB,2013,FALL,HB,1200,0,0,0,0.08,1.31,0.23
201304012400040320,GB,2013,FALL,HB,1240,0,1.25,3.75,0.13,5.49,0.82
201304012400060320,GB,2013,FALL,HB,1240,0,0,0,0.13,5.55,0.82
201304012400030340,GB,2013,FALL,HB,1240,0,2.5,2.5,0.1,5.23,0.93
201304012800070340,GoM,2013,FALL,HB,1280,0,0,0,0.02,1.21,0.46
201304036400030340,GoM,2013,FALL,HB,3640,2.48,33.52,0,1.03,8.74,0.29
201304036100020320,GoM,2013,FALL,HB,3610,0,3,0,0.1,4.49,0.56
201304012600020320,GoM,2013,FALL,HB,1260,0,0,0,0.16,6.12,1.06
201304012700020320,GoM,2013,FALL,HB,1270,0,0,0,0.06,2.14,0.59
201304012800050300,GoM,2013,FALL,HB,1280,0,0,0,0.02,1.19,0.48
201304012400080320,GB,2013,FALL,HB,1240,0,0,0,0.1,5.19,0.9
201304012900100320,GoM,2013,FALL,HB,1290,0,0,0,0.07,2.72,0.61
201304012200030340,GB,2013,FALL,HB,1220,0,0,0,0.08,3.31,0.67
201304012900080320,GoM,2013,FALL,HB,1290,0,0,0,0.05,2.18,0.56
201304012200010300,GB,2013,FALL,HB,1220,0,0,0,0.08,2.95,0.65
201304012100030340,GB,2013,FALL,HB,1210,0,0,0,0.14,6.07,0.73
201304012100020320,GB,2013,FALL,HB,1210,0,0,0,0.16,5.91,0.74
201304012000050300,GB,2013,FALL,HB,1200,0,0,0,0.09,1.94,0.27
201304012000010300,GB,2013,FALL,HB,1200,0,0,0,0.09,2.01,0.28
201304012000020320,GB,2013,FALL,HB,1200,0,3,0,0.08,1.69,0.28
201304011900050300,GB,2013,FALL,HB,1190,0,1,0,0.09,2.57,0.58
201304011900040320,GB,2013,FALL,HB,1190,0,0,0,0.06,2.54,0.59
201304012100010300,GB,2013,FALL,HB,1210,1.26,31.62,10.12,0.14,5.45,0.63
201304011600080320,GB,2013,FALL,HB,1160,1.25,23.75,5,0.14,4.84,0.75
201304011600010300,GB,2013,FALL,HB,1160,2.52,95.7,3.78,0.11,5.91,0.87
201304011600040320,GB,2013,FALL,HB,1160,0,0,0,0.13,6,0.86
201304011600070370,GB,2013,FALL,HB,1160,0,0,0,0.13,5.99,0.85
201304011600120350,GB,2013,FALL,HB,1160,1.25,3.75,0,0.14,5.77,0.84
201304011600100350,GB,2013,FALL,HB,1160,0,0,0,0.13,5.58,0.81
201304011600130370,GB,2013,FALL,HB,1160,0,0,0,0.15,5.65,0.78
201304011700010370,GB,2013,FALL,HB,1170,1,0,0,0.02,3.53,0.59
201304011800010370,GB,2013,FALL,HB,1180,0,0,0,0.05,3.17,0.54
201304011700020350,GB,2013,FALL,HB,1170,112.22,2.52,1.26,0.03,4.51,0.5
201304012100040350,GB,2013,FALL,HB,1210,0,0,0,0.12,5.77,0.7
201304012200020350,GB,2013,FALL,HB,1220,0,0,0,0.05,2.32,0.63
201304012200040350,GB,2013,FALL,HB,1220,0,0,0,0.05,2.37,0.62
201304012900050370,GoM,2013,FALL,HB,1290,0,8,0,0.03,1.48,0.5
201304012900030370,GoM,2013,FALL,HB,1290,0,6.67,1.33,0.04,1.58,0.51
201304012900090370,GoM,2013,FALL,HB,1290,0,0,0,0.02,1.21,0.46
201304012900060350,GoM,2013,FALL,HB,1290,0,0,0,0.07,2.96,0.62
201304012900020350,GoM,2013,FALL,HB,1290,0,3,0,0.05,2.14,0.58
201304013600080350,GoM,2013,FALL,HB,1360,0,0,0,0.06,2.66,0.59
201304013600120350,GoM,2013,FALL,HB,1360,0,0,0,0.05,2.26,0.55
2.0130401360004038e+017,GoM,2013,FALL,HB,1360,0,0,0,0.05,2.02,0.54
2.0130401390002042e+017,GoM,2013,FALL,HB,1390,1.5,1.5,0,0.36,5.2,1.13
201304013900010400,GoM,2013,FALL,HB,1390,0,1,0,0.3,4.65,0.91
2.0130401390004038e+017,GoM,2013,FALL,HB,1390,1,0,0,0.21,4.31,0.77
201304013800070400,GoM,2013,FALL,HB,1380,0,1,0,0.07,2.85,0.57
201304013600030400,GoM,2013,FALL,HB,1360,0,0,0,0.09,3.3,0.65
201304013600050400,GoM,2013,FALL,HB,1360,0,0,0,0.07,2.47,0.59
2.0130401380004038e+017,GoM,2013,FALL,HB,1380,0,1,0,0.1,4.14,0.7
2.0130401380002042e+017,GoM,2013,FALL,HB,1380,0,0,0,0.1,4.32,0.72
2.0130401380008038e+017,GoM,2013,FALL,HB,1380,0,1,0,0.11,4.62,0.74
201304013800030400,GoM,2013,FALL,HB,1380,0,0,0,0.11,4.62,0.74
201304013800010400,GoM,2013,FALL,HB,1380,0,0,0,0.11,4.58,0.72
201304013700070400,GoM,2013,FALL,HB,1370,0,0,0,0.05,3.07,0.48
201304013700050400,GoM,2013,FALL,HB,1370,0,0,0,0.05,2,0.48
2.0130401370006042e+017,GoM,2013,FALL,HB,1370,0,0,0,0.06,2.36,0.49
201304013700010400,GoM,2013,FALL,HB,1370,0,0,0,0.06,2.31,0.5
201304012800010400,GoM,2013,FALL,HB,1280,0,0,0,0.02,1.14,0.46
2.0130401280004038e+017,GoM,2013,FALL,HB,1280,0,0,0,0,0.68,0.34
2.0130401280002042e+017,GoM,2013,FALL,HB,1280,0,0,0,-0,0.63,0.32
201304012700050400,GoM,2013,FALL,HB,1270,0,0,0,0.09,4.42,0.74
2.0130401280006042e+017,GoM,2013,FALL,HB,1280,0,0,0,-0.03,0.19,0.24
201304012800030400,GoM,2013,FALL,HB,1280,0,0,0,-0.01,0.54,0.31
2.0130401370002042e+017,GoM,2013,FALL,HB,1370,0,0,0,0.06,2.29,0.48
2.0130401370004038e+017,GoM,2013,FALL,HB,1370,0,0,0,0.05,2.64,0.49
201304013700030400,GoM,2013,FALL,HB,1370,0,0,0,0.04,1.66,0.47
2.0130401380006042e+017,GoM,2013,FALL,HB,1380,0,0,0,0.06,2.4,0.52
201304013800050400,GoM,2013,FALL,HB,1380,0,0,0,0.05,1.84,0.44
2.0130401400004038e+017,GoM,2013,FALL,HB,1400,0,0,0,0.16,5.53,1.04
2.0130401270004038e+017,GoM,2013,FALL,HB,1270,0,0,0,0.47,7.21,3.2
201304012700010400,GoM,2013,FALL,HB,1270,0,0,0,0.1,4.85,0.7
201304012600030400,GoM,2013,FALL,HB,1260,1.26,47.74,0,0.38,11.76,0.65
2.0130401400002042e+017,GoM,2013,FALL,HB,1400,0,0,0,0.16,5.3,0.92
201304014000030400,GoM,2013,FALL,HB,1400,0,0,0,0.16,5.87,1.41
201304012700030400,GoM,2013,FALL,HB,1270,0,0,0,0.27,6.49,2.29
201304036400010400,GoM,2013,FALL,HB,3640,0,0,0,0.29,7.45,0.97
201304036500030400,GoM,2013,FALL,HB,3650,0,0,0,0.15,9.8,1.88
201304036500010400,GoM,2013,FALL,HB,3650,0,0,0,0.13,9.52,1.87
201304036600010400,GoM,2013,FALL,HB,3660,0,0,0,0.02,10.64,2.36
201304012600050400,GoM,2013,FALL,HB,1260,0,18.53,2.47,0.19,7.56,0.78
201304012600010400,GoM,2013,FALL,HB,1260,0,5.14,3.86,0.18,7.19,0.89
2.0130401260006042e+017,GoM,2013,FALL,HB,1260,1.24,27.28,2.48,0.48,16.99,0.62
2.0130403660002042e+017,GoM,2013,FALL,HB,3660,0,1,0,0.06,9.09,1.63
2.0130403640002042e+017,GoM,2013,FALL,HB,3640,0,0,0,0.2,7.07,1.04
201304036600030400,GoM,2013,FALL,HB,3660,0,6.36,7.64,0.06,9.78,2
2.0130403650002042e+017,GoM,2013,FALL,HB,3650,0,36.46,7.54,0.12,10.13,1.94
201304036000030400,GoM,2013,FALL,HB,3600,0,1.5,1.5,0.1,8.42,1.53
201304036100010400,GoM,2013,FALL,HB,3610,0,0,0,0.29,6.16,1.86
201304036100030400,GoM,2013,FALL,HB,3610,0,0,0,0.27,6.42,1.98
2.0130403600002042e+017,GoM,2013,FALL,HB,3600,0,0,0,0.23,7.92,1.38
201304035900030400,GoM,2013,FALL,HB,3590,0,0,0,0.28,3.93,0.55
201304035900010400,GoM,2013,FALL,HB,3590,0,0,0,0.27,4.16,0.53
201402011400010180,GB,2014,SPRING,HB,1140,0,0,0,-0.04,0.82,0.11
201402011400040160,GB,2014,SPRING,HB,1140,0,0,0,-0.05,0.58,0.05
201402012500060160,GB,2014,SPRING,HB,1250,0,15,0,0.18,14.67,0.1
201402012500010180,GB,2014,SPRING,HB,1250,2.5,2.5,0,0.11,13.09,0.1
201402012300010180,GB,2014,SPRING,HB,1230,0,1,0,-0.03,8.33,0.22
201402012400080160,GB,2014,SPRING,HB,1240,0,0,0,0.11,4.32,0.8
201402012400050180,GB,2014,SPRING,HB,1240,0,0,0,0.1,3.88,0.76
201402012300020160,GB,2014,SPRING,HB,1230,0,1,0,-0.01,6.89,0.28
201402012700040160,GoM,2014,SPRING,HB,1270,0,1,0,0.15,8.6,5.88
201402012800070140,GoM,2014,SPRING,HB,1280,0,0,0,0.04,1.5,0.43
201402012400040160,GB,2014,SPRING,HB,1240,0,1,0,0.08,5.17,0.63
201402012100030140,GB,2014,SPRING,HB,1210,0,0,0,-0.03,10.51,1.52
201402012200010180,GB,2014,SPRING,HB,1220,0,1,0,0.04,1.5,0.56
201402012200030140,GB,2014,SPRING,HB,1220,0,0,1,0.04,2.1,0.8
201402012100020160,GB,2014,SPRING,HB,1210,0,4,0,0.04,9.56,1.39
201402012000050180,GB,2014,SPRING,HB,1200,1.25,22.5,11.25,0,6.26,1.24
201402012000040160,GB,2014,SPRING,HB,1200,5.03,32.71,1.26,0.04,4.88,0.99
201402011900100160,GB,2014,SPRING,HB,1190,0,3.75,1.25,0.08,5.06,1.28
201402011900040200,GB,2014,SPRING,HB,1190,1.28,20.44,1.28,0.07,5.58,1.47
201402012000030200,GB,2014,SPRING,HB,1200,0,6.67,1.33,-0,4.98,0.88
201402011900070200,GB,2014,SPRING,HB,1190,0,0,0,0.07,5.01,0.89
201402011900060200,GB,2014,SPRING,HB,1190,0,22.5,2.5,0.17,3.94,0.51
201402011900090200,GB,2014,SPRING,HB,1190,0,0,0,0.15,5.18,0.81
201402012000010200,GB,2014,SPRING,HB,1200,0,3,0,0.01,3.36,1.25
201402012300030200,GB,2014,SPRING,HB,1230,0,0,0,0.07,5.96,0.21
201402012300060200,GB,2014,SPRING,HB,1230,0,0,0,0.1,6.38,0.47
201402011300010200,GB,2014,SPRING,HB,1130,0,0,0,0.1,5.25,2.7
201402011900010200,GB,2014,SPRING,HB,1190,0,0,0,0.13,4.13,0.39
201402011900080200,GB,2014,SPRING,HB,1190,0,0,0,0.16,3.96,0.51
201402011300080200,GB,2014,SPRING,HB,1130,0,0,0,0.01,5.23,2.39
201402011300030200,GB,2014,SPRING,HB,1130,0,0,0,-0.03,0.26,0.15
201402011500020200,GB,2014,SPRING,HB,1150,0,0,0,0.02,1.22,0.46
201402011400030200,GB,2014,SPRING,HB,1140,0,0,0,0.01,0.4,0.45
201402011500030200,GB,2014,SPRING,HB,1150,0,0,0,-0.08,-0.1,0.24
201402011300060200,GB,2014,SPRING,HB,1130,0,0,0,-0.07,0.04,0.19
201402011300050200,GB,2014,SPRING,HB,1130,0,0,0,-0.02,2.03,1.12
201402011300070240,GB,2014,SPRING,HB,1130,0,0,0,0.02,4.11,1.88
201402011900030240,GB,2014,SPRING,HB,1190,0,1,0,0.1,4.42,0.75
201402011300040260,GB,2014,SPRING,HB,1130,0,0,0,0.01,5.09,2.23
201402011600040260,GB,2014,SPRING,HB,1160,0,0,0,0.2,5.55,0.85
201402011600120260,GB,2014,SPRING,HB,1160,0,0,0,0.1,5.47,0.84
201402011300090240,GB,2014,SPRING,HB,1130,0,0,0,-0.01,1.01,0.6
201402011800040260,GB,2014,SPRING,HB,1180,0,0,0,-0.01,1.47,0.61
201402011700030240,GB,2014,SPRING,HB,1170,0,0,0,0.02,3.26,0.63
201402011800020220,GB,2014,SPRING,HB,1180,0,0,0,-0.03,0.27,0.3
201402011700040260,GB,2014,SPRING,HB,1170,0,0,0,0.02,2.29,0.91
201402011600080260,GB,2014,SPRING,HB,1160,0,0,0,0.08,4.92,0.64
201402011600020220,GB,2014,SPRING,HB,1160,0,0,0,0.07,6.94,1.51
201402011600140220,GB,2014,SPRING,HB,1160,0,1,0,0.06,7,1.64
201402011600110240,GB,2014,SPRING,HB,1160,1.25,3.75,0,0.06,4.11,0.55
201402011600070240,GB,2014,SPRING,HB,1160,0,0,0,0.06,4.1,0.56
201402011800050240,GB,2014,SPRING,HB,1180,0,0,0,0,5.07,0.41
201402011600050240,GB,2014,SPRING,HB,1160,0,0,0,0.25,6.21,2.02
201402011600030240,GB,2014,SPRING,HB,1160,0,2.5,2.5,0.11,9.96,3.71
201402011600060220,GB,2014,SPRING,HB,1160,0,0,0,0.25,6.49,1.89
201402011700010240,GB,2014,SPRING,HB,1170,0,2.67,1.33,0.08,5.26,0.76
201402011700020220,GB,2014,SPRING,HB,1170,0,0,1,0.09,6.77,0.4
201402011600130240,GB,2014,SPRING,HB,1160,1.23,14.77,0,0.16,9.01,3.19
201402011600010240,GB,2014,SPRING,HB,1160,0,45.47,2.53,0.14,9.17,3.17
201402012200020220,GB,2014,SPRING,HB,1220,0,1.5,1.5,0.03,1.29,0.61
201402012200050240,GB,2014,SPRING,HB,1220,0,3,0,0.07,4.26,1.77
201402012100040260,GB,2014,SPRING,HB,1210,0,6.67,1.33,-0.01,9.79,1.7
201402012100010240,GB,2014,SPRING,HB,1210,0,11,0,-0.01,7.44,1.86
201402013000010240,GoM,2014,SPRING,HB,1300,0,0,0,0.02,0.99,0.43
201402013900080300,GoM,2014,SPRING,HB,1390,0,1,0,0.26,4.72,0.27
201402013900040300,GoM,2014,SPRING,HB,1390,0,0,0,0.25,3.54,0.46
201402013800080300,GoM,2014,SPRING,HB,1380,0,0,0,0.01,1.11,0.29
201402013800040300,GoM,2014,SPRING,HB,1380,0,0,0,0.01,1.23,0.28
201402013800010270,GoM,2014,SPRING,HB,1380,0,0,0,0.01,0.95,0.32
201402013900010270,GoM,2014,SPRING,HB,1390,0,0,0,0.26,1.52,0.33
201402013900050270,GoM,2014,SPRING,HB,1390,0,0,0,0.23,1.74,0.36
201402013800070270,GoM,2014,SPRING,HB,1380,0,0,0,0,1.24,0.2
201402013600120300,GoM,2014,SPRING,HB,1360,0,0,0,0.03,1.5,0.49
201402013600030270,GoM,2014,SPRING,HB,1360,0,1,0,0.02,1.16,0.44
201402013600070270,GoM,2014,SPRING,HB,1360,0,0,0,0.02,1.37,0.53
201402013600040300,GoM,2014,SPRING,HB,1360,0,0,0,0.02,1.03,0.41
201402013600090270,GoM,2014,SPRING,HB,1360,0,0,0,-0,0.65,0.37
201402013600060300,GoM,2014,SPRING,HB,1360,0,0,0,-0.04,0.29,0.23
201402013600020300,GoM,2014,SPRING,HB,1360,0,0,0,-0.04,0.31,0.23
201402013600100300,GoM,2014,SPRING,HB,1360,0,0,0,-0.06,0.07,0.15
201402012900090270,GoM,2014,SPRING,HB,1290,0,1,0,-0.07,0.36,0.53
201402012900080300,GoM,2014,SPRING,HB,1290,0,0,0,-0,2.21,1.19
201402012900060300,GoM,2014,SPRING,HB,1290,0,0,0,0.02,1,0.5
201402012900070270,GoM,2014,SPRING,HB,1290,0,0,0,0.02,0.99,0.49
201402012400020300,GB,2014,SPRING,HB,1240,0,0,1,0.05,2.11,0.61
201402012400030270,GB,2014,SPRING,HB,1240,0,4,0,0.09,4.5,0.73
201402012400010270,GB,2014,SPRING,HB,1240,0,1.33,2.67,0.09,4.37,0.68
201402012400060300,GB,2014,SPRING,HB,1240,0,1.5,1.5,0.03,1.54,0.53
201402012400070340,GB,2014,SPRING,HB,1240,0,0,0,0.05,2.14,0.59
201402012800020320,GoM,2014,SPRING,HB,1280,0,0,0,0.02,1.09,0.52
201402012800060320,GoM,2014,SPRING,HB,1280,0,0,0,0.03,1.32,0.55
201402012800040320,GoM,2014,SPRING,HB,1280,0,0,0,0.03,1.37,0.45
201402013700060320,GoM,2014,SPRING,HB,1370,0,0,0,0.01,1.37,0.43
201402013700070340,GoM,2014,SPRING,HB,1370,0,0,1,0.04,3.37,0.52
201402013700050300,GoM,2014,SPRING,HB,1370,0,0,0,0.03,2.4,0.42
201402013800020320,GoM,2014,SPRING,HB,1380,0,0,0,0.02,2.87,0.32
201402013900090300,GoM,2014,SPRING,HB,1390,0,0,0,0.32,5.28,0.24
201402013800060320,GoM,2014,SPRING,HB,1380,0,0,0,0.02,2.59,0.32
201402013800050300,GoM,2014,SPRING,HB,1380,0,1,0,0.02,2.67,0.32
201402013800030340,GoM,2014,SPRING,HB,1380,0,0,0,0.01,1.29,0.39
201402013700010300,GoM,2014,SPRING,HB,1370,0,0,0,0.02,1.26,0.51
201402013700030340,GoM,2014,SPRING,HB,1370,0,0,1,0,1.41,0.88
201402012800010300,GoM,2014,SPRING,HB,1280,0,0,0,0.01,0.97,0.55
201402013700040320,GoM,2014,SPRING,HB,1370,0,3,0,0.01,2.04,0.98
201402013700020320,GoM,2014,SPRING,HB,1370,0,0,0,0.01,1.4,0.86
201402012800030340,GoM,2014,SPRING,HB,1280,0,0,0,-0.03,0.26,0.35
201402012600060320,GoM,2014,SPRING,HB,1260,0,9,0,0.14,11.43,1.71
201402012700020320,GoM,2014,SPRING,HB,1270,0,1,0,0.44,9.43,1.1
201402036100030340,GoM,2014,SPRING,HB,3610,0,6,0,0.31,5.3,0.48
201402036000020320,GoM,2014,SPRING,HB,3600,1,0,0,0.15,6.65,0.94
201402036000040320,GoM,2014,SPRING,HB,3600,0,1,0,0.08,9.01,0.68
201402035900050300,GoM,2014,SPRING,HB,3590,1,0,0,0.12,3.92,0.58
201402035900020320,GoM,2014,SPRING,HB,3590,0,0,0,0.13,4.07,0.62
201402035900010300,GoM,2014,SPRING,HB,3590,0,0,0,0.12,3.92,0.62
201402036000030340,GoM,2014,SPRING,HB,3600,1,0,0,0.09,6.33,0.64
201402036100010370,GoM,2014,SPRING,HB,3610,0,0,0,0.18,5.16,0.43
201402036500020350,GoM,2014,SPRING,HB,3650,2.5,12.5,0,0.25,15.31,0.35
201402036600020350,GoM,2014,SPRING,HB,3660,0,10,0,0.16,11.56,1.88
201402036500010370,GoM,2014,SPRING,HB,3650,0,13,0,0.25,13.11,0.53
201402036500030370,GoM,2014,SPRING,HB,3650,7.59,34.15,1.26,0.35,16.88,0.48
201402036600010370,GoM,2014,SPRING,HB,3660,0,8.91,5.09,0.01,9.8,2.02
201402036400020350,GoM,2014,SPRING,HB,3640,0,13.75,1.25,0.19,8.64,0.38
201402036600030370,GoM,2014,SPRING,HB,3660,0,6.5,6.5,0.04,10.28,1.92
201402012600030370,GoM,2014,SPRING,HB,1260,0,0,0,0.06,7.5,1.04
201402014000010370,GoM,2014,SPRING,HB,1400,0,5.2,7.8,0.09,4.45,0.6
201402014000050370,GoM,2014,SPRING,HB,1400,0,16.47,2.53,0.05,6.92,0.43
201402012700010370,GoM,2014,SPRING,HB,1270,0,0,0,0.09,4.83,1.27
201402014000020350,GoM,2014,SPRING,HB,1400,0,0,0,0.07,4.06,0.56
201402012700050370,GoM,2014,SPRING,HB,1270,0,0,0,0.25,5.75,1.95
201402012600050370,GoM,2014,SPRING,HB,1260,0,11,0,-0,12.47,1.33
201402012700030370,GoM,2014,SPRING,HB,1270,0,0,0,0.26,5.84,1.81
201402012600010370,GoM,2014,SPRING,HB,1260,0,20.21,3.79,0.03,9.86,1.42
201402012600040350,GoM,2014,SPRING,HB,1260,0,35.23,3.77,0.01,13.22,1.2
201402012600020350,GoM,2014,SPRING,HB,1260,0,0,0,0.03,5.22,2.18
201402036100020350,GoM,2014,SPRING,HB,3610,1.27,12.73,0,0.07,3.58,0.36
201402035600020350,GB,2014,SPRING,HB,3560,0,0,0,0.15,9,-0.05
201402035600030370,GB,2014,SPRING,HB,3560,0,0,0,0.09,9.03,-0.16
201402012500080350,GB,2014,SPRING,HB,1250,0,0,0,0.21,12.17,0.07
201402012800050370,GoM,2014,SPRING,HB,1280,0,0,0,0,0.76,0.52
201404011500010240,GB,2014,FALL,HB,1150,0,0,0,-0.03,0.26,0.31
201404011500020220,GB,2014,FALL,HB,1150,0,0,0,-0.03,0.25,0.28
201404011400010240,GB,2014,FALL,HB,1140,0,0,0,-0.04,-0.04,0.29
201404011400040260,GB,2014,FALL,HB,1140,0,0,0,-0.05,-0.15,0.25
201404011400030240,GB,2014,FALL,HB,1140,0,0,0,-0.02,0.2,0.35
201404011400020220,GB,2014,FALL,HB,1140,0,0,0,-0.03,0.2,0.23
201404011300010240,GB,2014,FALL,HB,1130,0,0,0,-0.02,0.21,0.22
201404011900030240,GB,2014,FALL,HB,1190,0,0,0,0.06,0.34,0.08
201404011900060220,GB,2014,FALL,HB,1190,0,0,0,0.06,0.43,0.11
201404011900040260,GB,2014,FALL,HB,1190,0,0,0,0.05,0.37,0.1
201404011300060220,GB,2014,FALL,HB,1130,0,0,0,0.01,0.75,0.32
201404011300110240,GB,2014,FALL,HB,1130,0,0,0,0.07,4.4,1.17
201404012300070240,GB,2014,FALL,HB,1230,0,3,0,0.16,6.92,1.45
201404012300060220,GB,2014,FALL,HB,1230,0,0,0,0.17,6.84,1.27
201404011900090240,GB,2014,FALL,HB,1190,0,0,0,0.14,5.32,1.05
201404011900050240,GB,2014,FALL,HB,1190,0,0,0,0.15,5.35,0.81
201404011300090240,GB,2014,FALL,HB,1130,0,0,0,0.04,2.63,1.69
201404011300070240,GB,2014,FALL,HB,1130,0,0,0,-0.04,0.72,0.48
201404011300100220,GB,2014,FALL,HB,1130,0,0,0,0.05,2.91,1.78
201404011300030240,GB,2014,FALL,HB,1130,0,0,0,0.05,2.93,1.72
201404011300040260,GB,2014,FALL,HB,1130,0,0,0,-0.01,0.92,0.45
201404011300080260,GB,2014,FALL,HB,1130,0,0,0,-0.01,0.77,0.45
201404011300050240,GB,2014,FALL,HB,1130,0,0,0,0,1.27,0.61
201404011600040260,GB,2014,FALL,HB,1160,0,0,0,0.08,2.13,0.5
201404011500030240,GB,2014,FALL,HB,1150,0,0,0,0,1,0.28
201404011800040260,GB,2014,FALL,HB,1180,0,0,0,0.03,1.82,0.45
201404011700040260,GB,2014,FALL,HB,1170,0,0,0,0.04,2.57,0.45
201404011600090240,GB,2014,FALL,HB,1160,0,0,0,0.04,1.11,0.35
201404011800020220,GB,2014,FALL,HB,1180,0,0,0,-0.02,0.36,0.51
201404011700030240,GB,2014,FALL,HB,1170,0,0,0,0.03,1.65,0.37
201404011800010240,GB,2014,FALL,HB,1180,0,0,0,0.01,1.26,0.46
201404011800030240,GB,2014,FALL,HB,1180,0,0,0,0.01,1.17,0.5
201404011700010240,GB,2014,FALL,HB,1170,0,0,0,0.05,1.95,0.37
201404011700020220,GB,2014,FALL,HB,1170,0,0,0,0.03,1.27,0.41
201404011600070270,GB,2014,FALL,HB,1160,0,0,0,0.06,1.95,0.47
201404011600140300,GB,2014,FALL,HB,1160,0,0,0,0.03,1.27,0.34
201404011600080300,GB,2014,FALL,HB,1160,0,1.25,3.75,0.02,1.1,0.31
201404011600120300,GB,2014,FALL,HB,1160,0,0,0,0.03,1.15,0.32
201404011600020300,GB,2014,FALL,HB,1160,0,0,0,0.01,0.81,0.25
201404012200020300,GB,2014,FALL,HB,1220,0,0,1,-0.02,0.56,0.42
201404012900100300,GoM,2014,FALL,HB,1290,0,0,3,-0.06,0.03,0.29
201404012100010270,GB,2014,FALL,HB,1210,1.27,30.46,1.27,0.07,5,1.24
201404012100040300,GB,2014,FALL,HB,1210,46.37,37.59,15.04,0.37,7.06,1.02
201404011600110270,GB,2014,FALL,HB,1160,0,5,0,0.26,4.07,0.63
201404011600030270,GB,2014,FALL,HB,1160,0,0,0,0.38,5.15,0.76
201404012000020300,GB,2014,FALL,HB,1200,0,0,0,-0,0.92,0.26
201404011900080300,GB,2014,FALL,HB,1190,0,0,0,0.06,1.49,0.36
201404012000030270,GB,2014,FALL,HB,1200,0,0,0,0.06,1.22,0.12
201404011900070270,GB,2014,FALL,HB,1190,0,0,0,0.07,1.56,0.28
201404011900100300,GB,2014,FALL,HB,1190,0,0,0,0.09,2.56,0.39
201404011900020300,GB,2014,FALL,HB,1190,0,0,0,0.08,2.48,0.4
201404012000040300,GB,2014,FALL,HB,1200,0,0,0,-0.02,0.53,0.19
201404011600050270,GB,2014,FALL,HB,1160,0,0,0,0.24,3.48,0.56
201404011600060320,GB,2014,FALL,HB,1160,0,0,0,0.17,3.05,0.5
201404011600010370,GB,2014,FALL,HB,1160,0,0,0,0.08,1.99,0.41
201404011600130370,GB,2014,FALL,HB,1160,0,0,0,0.19,2.36,0.47
201404011600100350,GB,2014,FALL,HB,1160,0,0,0,0.29,2.64,0.49
201404012000060350,GB,2014,FALL,HB,1200,0,0,0,0.02,0.37,0.05
201404012300020350,GB,2014,FALL,HB,1230,0,0,0,1.28,10.99,0.93
201404012400050370,GB,2014,FALL,HB,1240,0,2.5,2.5,0.12,5.45,0.77
201404012400020350,GB,2014,FALL,HB,1240,0,0,1,0.09,3.7,0.66
201404012400060350,GB,2014,FALL,HB,1240,0,0,4,0.07,2.49,0.57
201404012400080350,GB,2014,FALL,HB,1240,0,0,0,0.05,1.98,0.53
201404012300010370,GB,2014,FALL,HB,1230,0,0,0,0.16,5.98,1.59
201404012300030370,GB,2014,FALL,HB,1230,1.5,1.5,0,0.22,6.31,1.64
201404012500010370,GB,2014,FALL,HB,1250,0,0,0,2.3,16.86,2.39
201404012500020350,GB,2014,FALL,HB,1250,5,5,0,2.03,15.94,2.8
201404012300080350,GB,2014,FALL,HB,1230,0,0,0,0.18,7.57,1.85
201404036100030400,GoM,2014,FALL,HB,3610,0,0,0,0.62,9.74,0.95
201404036000030400,GoM,2014,FALL,HB,3600,0,0,0,0.22,7.98,2.9
201404035900030400,GoM,2014,FALL,HB,3590,0,0,0,0.09,1.7,0.57
2.0140403590002042e+017,GoM,2014,FALL,HB,3590,0,0,0,0.12,1.76,0.63
201404035900010400,GoM,2014,FALL,HB,3590,0,0,0,0.1,1.75,0.51
2.0140403600002042e+017,GoM,2014,FALL,HB,3600,0,0,0,0.21,5.67,4.1
201404012800050400,GoM,2014,FALL,HB,1280,0,0,0,-0.02,0.3,0.31
2.0140401280004038e+017,GoM,2014,FALL,HB,1280,0,0,0,-0.03,0.23,0.37
201404012800070400,GoM,2014,FALL,HB,1280,0,0,0,-0.01,0.46,0.38
201404012800030400,GoM,2014,FALL,HB,1280,0,0,0,0,0.67,0.39
201404012800010400,GoM,2014,FALL,HB,1280,0,0,0,-0.01,0.52,0.42
2.0140401280006042e+017,GoM,2014,FALL,HB,1280,0,0,0,0,0.62,0.43
201404012400070400,GB,2014,FALL,HB,1240,0,0,0,0.03,1.37,0.54
2.0140401240004038e+017,GB,2014,FALL,HB,1240,0,0,5,0.06,2.36,0.63
201404012400030400,GB,2014,FALL,HB,1240,0,0,3,0.05,2.17,0.61
201404012400010400,GB,2014,FALL,HB,1240,0,0,0,0.06,2.3,0.61
2.0140401210002042e+017,GB,2014,FALL,HB,1210,0,0,0,0.24,4.92,0.55
201404012100030400,GB,2014,FALL,HB,1210,0,0,0,0.26,4.84,0.51
201404012200010400,GB,2014,FALL,HB,1220,0,0,0,-0,0.87,0.45
201404012900030400,GoM,2014,FALL,HB,1290,0,0,0,-0,0.55,0.39
201404013700070400,GoM,2014,FALL,HB,1370,0,0,1,0,1.33,0.35
201404013600010400,GoM,2014,FALL,HB,1360,0,10.18,3.82,-0,0.58,0.33
2.0140401380004038e+017,GoM,2014,FALL,HB,1380,0,0,0,-0.01,0.62,0.25
201404013800010400,GoM,2014,FALL,HB,1380,0,1,0,0.04,2.37,0.55
2.0140401380006042e+017,GoM,2014,FALL,HB,1380,0,0,0,-0.01,0.57,0.3
2.0140401380002042e+017,GoM,2014,FALL,HB,1380,0,0,0,-0.02,0.39,0.28
201404013800030400,GoM,2014,FALL,HB,1380,0,4,0,0.05,1.8,0.51
2.0140401220004038e+017,GB,2014,FALL,HB,1220,0,0,1,0.01,1.1,0.45
201404012000070400,GB,2014,FALL,HB,1200,0,15,0,0.05,0.17,0.04
201404012200030400,GB,2014,FALL,HB,1220,0,1.5,1.5,-0.02,1.08,0.55
2.0140401290006042e+017,GoM,2014,FALL,HB,1290,0,0,0,0,0.69,0.38
2.0140401290002042e+017,GoM,2014,FALL,HB,1290,0,0,1,0.02,1.03,0.43
2.0140401290004038e+017,GoM,2014,FALL,HB,1290,0,0,0,-0,0.64,0.38
2.0140401360004038e+017,GoM,2014,FALL,HB,1360,0,0,0,0.02,0.96,0.42
201404013700010400,GoM,2014,FALL,HB,1370,0,0,0,0,1.44,0.3
201404013700030400,GoM,2014,FALL,HB,1370,0,100.91,10.09,0.39,4.59,0.85
2.0140401370004038e+017,GoM,2014,FALL,HB,1370,0,4,0,0.03,2.84,0.4
201404013700050400,GoM,2014,FALL,HB,1370,0,0,0,0,1.56,0.34
201404013800070400,GoM,2014,FALL,HB,1380,0,0,0,0.1,2.2,0.52
201404013900030400,GoM,2014,FALL,HB,1390,0,0,0,0.14,2.41,0.38
201404013900070400,GoM,2014,FALL,HB,1390,0,0,0,0.03,1.08,0.32
2.0140401380008038e+017,GoM,2014,FALL,HB,1380,0,0,0,0.03,1.21,0.35
201404013800050400,GoM,2014,FALL,HB,1380,0,0,0,0.01,0.72,0.3
2.0140401370002042e+017,GoM,2014,FALL,HB,1370,0,0,0,0.01,1.43,0.32
2.0140401370006042e+017,GoM,2014,FALL,HB,1370,0,0,0,0.02,2.2,0.38
201404012800020450,GoM,2014,FALL,HB,1280,0,0,0,0.02,1.29,0.44
201404012700040450,GoM,2014,FALL,HB,1270,0,0,0,0.07,3.55,0.63
201404012700050430,GoM,2014,FALL,HB,1270,0,0,0,0.07,3.42,0.6
201404012700030430,GoM,2014,FALL,HB,1270,0,0,0,0.03,5.19,1.57
201404012700010430,GoM,2014,FALL,HB,1270,0,0,0,0.03,5.43,1.57
201404012600060450,GoM,2014,FALL,HB,1260,0,8.75,1.25,0.63,14.86,1.01
201404012600030430,GoM,2014,FALL,HB,1260,0,0,0,0.04,6.47,1.49
201404036600010430,GoM,2014,FALL,HB,3660,0,3,0,0.21,8.44,1.52
201404012600080450,GoM,2014,FALL,HB,1260,0,0,0,0.09,7.48,1.86
201404014000010430,GoM,2014,FALL,HB,1400,0,0,0,0.04,2.82,1.35
201404014000040450,GoM,2014,FALL,HB,1400,0,0,0,0.09,4.12,1.65
201404014000030430,GoM,2014,FALL,HB,1400,0,0,0,0.1,4.44,1.67
201404036400020450,GoM,2014,FALL,HB,3640,0,1,0,1.66,13.31,0.63
201404036600020450,GoM,2014,FALL,HB,3660,0,1,0,0.2,8.48,1.64
201404012600070430,GoM,2014,FALL,HB,1260,0,0,0,0.12,7.69,1.68
201404036600030430,GoM,2014,FALL,HB,3660,0,0,0,0.26,9.17,1.15
201404036500030430,GoM,2014,FALL,HB,3650,1,0,0,0.2,11.01,1.26
201404036400030430,GoM,2014,FALL,HB,3640,7.5,22.5,0,1.13,11.44,0.87
201404012600090430,GoM,2014,FALL,HB,1260,0,3,0,0.17,11.32,2.59
201404036100010430,GoM,2014,FALL,HB,3610,0,0,0,0.38,10.51,1.39
201404036000040450,GoM,2014,FALL,HB,3600,0,0,0,0.04,8.13,4.28
201404036100020450,GoM,2014,FALL,HB,3610,0,0,0,0.75,17.31,1.81
201404012700020450,GoM,2014,FALL,HB,1270,0,0,1,0.03,6.42,1.52
201404012600020450,GoM,2014,FALL,HB,1260,0,101,0,0.12,11.57,3.34
201404035600030460,GB,2014,FALL,HB,3560,0,0,0,0.04,11.37,1.41
201404035600010500,GB,2014,FALL,HB,3560,0,0,0,0.07,11.37,1.35
201404036500050500,GoM,2014,FALL,HB,3650,0,0,0,0.2,14.14,1.37
201404036500010500,GoM,2014,FALL,HB,3650,0,0,0,0.18,13.17,1.26
201502011300090240,GB,2015,SPRING,HB,1130,0,1,0,-0.08,1.33,-0.05
201502011300050240,GB,2015,SPRING,HB,1130,0,0,0,-0.07,1.78,-0
201502011900110240,GB,2015,SPRING,HB,1190,0,0,0,0.01,2.78,0.37
201502012000020220,GB,2015,SPRING,HB,1200,0,0,0,0.02,3.5,0.49
201502012300060220,GB,2015,SPRING,HB,1230,0,0,0,0.07,8.63,0.16
201502012500030240,GB,2015,SPRING,HB,1250,0,3,0,0.58,18.85,0.28
201502012300010240,GB,2015,SPRING,HB,1230,0,1,0,0.09,10.07,0.16
201502012300020220,GB,2015,SPRING,HB,1230,0,1,0,0.09,9.07,0.16
201502012300040260,GB,2015,SPRING,HB,1230,0,1,0,0.12,10.49,0.15
201502012500020220,GB,2015,SPRING,HB,1250,1.33,6.67,0,0.63,24.17,0.65
201502012500050240,GB,2015,SPRING,HB,1250,0,0,0,0.68,20.41,0.47
201502012500040260,GB,2015,SPRING,HB,1250,0,0,0,0.95,17.2,0.25
201502035600030240,GB,2015,SPRING,HB,3560,0,0,0,0.4,9.88,0.2
201502035600020220,GB,2015,SPRING,HB,3560,0,0,0,0.38,10.1,0.18
201502012400060220,GB,2015,SPRING,HB,1240,0,0,0,0.07,3.09,0.75
201502012400040260,GB,2015,SPRING,HB,1240,0,1,0,0.06,2.75,0.75
201502012400050240,GB,2015,SPRING,HB,1240,0,0,0,0.08,3.48,0.8
201502012300070240,GB,2015,SPRING,HB,1230,0,0,0,0.11,7.33,0.29
201502012300050240,GB,2015,SPRING,HB,1230,0,0,0,0.11,7.32,0.36
201502012000060220,GB,2015,SPRING,HB,1200,0,0,0,0.02,4.87,0.62
201502012400030240,GB,2015,SPRING,HB,1240,0,0,4,0.05,1.82,0.52
201502012900110240,GoM,2015,SPRING,HB,1290,0,0,1,0.06,2.64,0.68
201502012200010240,GB,2015,SPRING,HB,1220,0,0,0,0.02,1.73,1.05
201502012100020220,GB,2015,SPRING,HB,1210,0,1,0,0.4,15.56,1.95
201502012100030240,GB,2015,SPRING,HB,1210,0,3,0,0.23,17.42,2.13
201502012000030240,GB,2015,SPRING,HB,1200,0,0,0,0.05,5.44,0.58
201502012000040260,GB,2015,SPRING,HB,1200,0,22.74,1.26,0.03,4.59,0.61
201502011900050240,GB,2015,SPRING,HB,1190,0,0,0,0.03,3.33,0.51
201502011900010240,GB,2015,SPRING,HB,1190,0,3,0,0.02,3.03,0.44
201502011600070240,GB,2015,SPRING,HB,1160,0,5,5,0.08,11.76,1.81
201502011900100220,GB,2015,SPRING,HB,1190,0,0,1,0.03,3.09,0.49
201502011900040260,GB,2015,SPRING,HB,1190,0,1,0,0.04,3.11,0.48
201502012000050240,GB,2015,SPRING,HB,1200,0,4,0,0.04,5.08,0.55
201502011900090240,GB,2015,SPRING,HB,1190,0,0,0,0.03,3.13,0.51
201502011900120260,GB,2015,SPRING,HB,1190,0,0,0,0.03,3.18,0.5
201502011900060220,GB,2015,SPRING,HB,1190,0,0,0,0.03,3.08,0.51
201502011300080260,GB,2015,SPRING,HB,1130,0,1,0,-0.02,2.77,0.39
201502011300020220,GB,2015,SPRING,HB,1130,0,0,0,-0.01,2.18,0.44
201502011400010240,GB,2015,SPRING,HB,1140,0,0,0,0.06,1.8,0.57
201502011500030240,GB,2015,SPRING,HB,1150,0,0,0,0.05,1.87,0.53
201502011500010270,GB,2015,SPRING,HB,1150,0,0,0,0.05,2,0.51
201502011400030270,GB,2015,SPRING,HB,1140,0,0,0,0.03,0.96,0.42
201502011400040300,GB,2015,SPRING,HB,1140,0,0,0,0.03,1.29,0.39
201502011500020300,GB,2015,SPRING,HB,1150,0,0,0,-0.08,-0.11,0.24
201502011300060300,GB,2015,SPRING,HB,1130,0,0,0,0.03,2.84,0.91
201502011300040300,GB,2015,SPRING,HB,1130,0,0,0,0.04,2.67,0.66
201502011300100300,GB,2015,SPRING,HB,1130,0,0,0,-0,1.93,0.34
201502011300070270,GB,2015,SPRING,HB,1130,0,1,0,0,1.89,0.36
201502011300010270,GB,2015,SPRING,HB,1130,0,3,0,-0,2.51,0.33
201502011300030270,GB,2015,SPRING,HB,1130,0,6,0,-0.01,2.61,0.34
201502011600120300,GB,2015,SPRING,HB,1160,0,1,0,0.15,11.86,2.87
201502011600050270,GB,2015,SPRING,HB,1160,0,0,0,0.16,13.1,3.54
201502011400020300,GB,2015,SPRING,HB,1140,0,0,0,-0.01,0.95,0.24
201502011700040300,GB,2015,SPRING,HB,1170,0,0,0,0.03,4.05,1.37
201502011800020300,GB,2015,SPRING,HB,1180,0,0,0,0,1.26,0.45
201502011700030270,GB,2015,SPRING,HB,1170,0,0,0,0.14,4.09,1.42
201502011600090270,GB,2015,SPRING,HB,1160,0,0,0,0.24,9.4,6.37
201502011600010270,GB,2015,SPRING,HB,1160,0,0,0,0.19,13.65,3.94
201502011600080300,GB,2015,SPRING,HB,1160,0,0,0,0.23,11.55,4.61
201502011700010270,GB,2015,SPRING,HB,1170,0,0,0,0.19,4.38,2.08
201502011600060300,GB,2015,SPRING,HB,1160,0,4,0,0.26,10.94,3.11
201502011600020300,GB,2015,SPRING,HB,1160,0,1,0,0.22,10.65,2.94
201502011600160300,GB,2015,SPRING,HB,1160,0,0,0,0.24,9.96,2.82
201502011600150270,GB,2015,SPRING,HB,1160,0,0,0,0.21,9.56,2.05
201502011700020300,GB,2015,SPRING,HB,1170,0,6.5,6.5,0.01,4.07,0.39
201502011800050270,GB,2015,SPRING,HB,1180,0,15.16,8.84,0.01,1.82,1.29
201502011800010300,GB,2015,SPRING,HB,1180,0,11.4,7.6,0.02,1.61,1.16
201502012200020320,GB,2015,SPRING,HB,1220,0,1.25,3.75,-0,1.85,0.36
201502012100010300,GB,2015,SPRING,HB,1210,0,0,5,1.74,17.5,1.13
201502012200040320,GB,2015,SPRING,HB,1220,0,0,4,0.04,1.71,0.55
201502012100050300,GB,2015,SPRING,HB,1210,0,13.93,5.07,0.91,9.97,0.65
201502011600040320,GB,2015,SPRING,HB,1160,0,0,0,0.14,4.5,0.14
201502011600110340,GB,2015,SPRING,HB,1160,0,1.5,1.5,0.14,6.15,0.43
201502011600100320,GB,2015,SPRING,HB,1160,1.25,1.25,2.5,0.15,5.24,0.3
201502011600030340,GB,2015,SPRING,HB,1160,1.33,0,2.67,0.17,5.52,0.3
201502012000010300,GB,2015,SPRING,HB,1200,0,10,5,0.02,3.78,0.5
201502012900040320,GoM,2015,SPRING,HB,1290,0,0,0,0.03,1.95,0.68
201502012900010300,GoM,2015,SPRING,HB,1290,0,1,0,0.03,2.34,0.76
201502012200030340,GB,2015,SPRING,HB,1220,0,1,0,0.02,1.78,0.73
201502012900100320,GoM,2015,SPRING,HB,1290,0,0,0,0.01,1.43,0.64
201502012900070340,GoM,2015,SPRING,HB,1290,0,0,0,0,3.66,1.44
201502012900020320,GoM,2015,SPRING,HB,1290,0,0,1,-0.01,2.94,1.31
201502013600010300,GoM,2015,SPRING,HB,1360,0,0,0,0.02,2.02,0.54
201502012800030370,GoM,2015,SPRING,HB,1280,0,1,0,0.04,1.62,0.45
201502012400020350,GB,2015,SPRING,HB,1240,0,1.5,1.5,0.05,2.27,0.63
201502012400010370,GB,2015,SPRING,HB,1240,0,0,0,0.05,1.88,0.51
201502012400080350,GB,2015,SPRING,HB,1240,0,0,0,0.04,1.78,0.52
201502012800040350,GoM,2015,SPRING,HB,1280,0,0,0,-0,1.14,0.56
201502012400070370,GB,2015,SPRING,HB,1240,0,1.5,1.5,0.03,1.81,0.57
201502012700010370,GoM,2015,SPRING,HB,1270,0,2.67,1.33,0.02,3.9,1.2
201502012800010370,GoM,2015,SPRING,HB,1280,0,0,0,0.01,0.96,0.45
201502036500030370,GoM,2015,SPRING,HB,3650,3.82,21.64,2.55,0.9,50.72,1.17
201502036400030370,GoM,2015,SPRING,HB,3640,1.2,4.8,0,1.63,31.25,1.9
201502036400020350,GoM,2015,SPRING,HB,3640,3.75,6.25,0,1.32,21.22,1.1
201502012600010370,GoM,2015,SPRING,HB,1260,1,0,0,0.9,46.7,1.15
201502036600050370,GoM,2015,SPRING,HB,3660,1.33,6.67,0,0.33,18.71,6.06
201502036600030370,GoM,2015,SPRING,HB,3660,1.27,10.18,2.55,0.3,16.62,5.57
201502036100030370,GoM,2015,SPRING,HB,3610,0,0,0,0.89,11.18,0.32
201502036000030370,GoM,2015,SPRING,HB,3600,0,0,0,1.03,20.33,0.72
201502036100020350,GoM,2015,SPRING,HB,3610,0,0,0,1,10.12,0.35
201502036000010370,GoM,2015,SPRING,HB,3600,0,0,0,1.02,22.61,0.69
201502035900010370,GoM,2015,SPRING,HB,3590,0,0,0,1.23,20.6,0.38
201502035900020350,GoM,2015,SPRING,HB,3590,0,0,0,1.3,19.75,0.36
201502036000020350,GoM,2015,SPRING,HB,3600,0,1,0,1.07,23.26,0.71
201502035600010370,GB,2015,SPRING,HB,3560,2.67,1.33,0,0.32,13.71,0.2
2.0150203610004038e+017,GoM,2015,SPRING,HB,3610,0,0,0,0.78,14.59,1.07
2.0150201260008038e+017,GoM,2015,SPRING,HB,1260,0,45.23,3.77,1.03,48.07,1.61
201502012600050400,GoM,2015,SPRING,HB,1260,0,14,0,1.09,48.44,1.22
201502012600070400,GoM,2015,SPRING,HB,1260,0,234,39,0.11,12.62,2.41
201502012600090400,GoM,2015,SPRING,HB,1260,0,45.15,28.85,0.63,34.06,2.03
201502036600010400,GoM,2015,SPRING,HB,3660,2.52,36.48,0,0.34,18.42,3.21
2.0150203650002042e+017,GoM,2015,SPRING,HB,3650,1.33,2.67,0,0.48,16.79,0.97
201502036500010400,GoM,2015,SPRING,HB,3650,0,0,0,0.52,18.55,1.13
201502036400010400,GoM,2015,SPRING,HB,3640,0,0,1,1.32,27.17,1.31
201502014000030400,GoM,2015,SPRING,HB,1400,0,0,1,0.04,6.96,1.63
2.0150201380006042e+017,GoM,2015,SPRING,HB,1380,0,0,0,0.04,3.06,0.43
2.0150201380008038e+017,GoM,2015,SPRING,HB,1380,0,0,0,0.05,3.26,0.47
2.0150201370004038e+017,GoM,2015,SPRING,HB,1370,1.26,48.98,3.77,0.07,6.27,0.39
2.0150201370006042e+017,GoM,2015,SPRING,HB,1370,0,0,0,0.01,0.83,0.37
201502012800050400,GoM,2015,SPRING,HB,1280,0,0,0,0.03,1.24,0.4
2.0150201280006042e+017,GoM,2015,SPRING,HB,1280,0,0,0,-0.01,0.46,0.26
2.0150201280002042e+017,GoM,2015,SPRING,HB,1280,0,0,0,0.04,1.47,0.43
201502013700050400,GoM,2015,SPRING,HB,1370,0,0,1,0.03,1.34,0.45
201502013700010400,GoM,2015,SPRING,HB,1370,0,0,0,0.04,1.61,0.52
201502013700070400,GoM,2015,SPRING,HB,1370,0,196.41,12.59,0.06,2.63,0.67
2.0150201370002042e+017,GoM,2015,SPRING,HB,1370,0,0,0,0.03,1.46,0.46
2.0150201380004038e+017,GoM,2015,SPRING,HB,1380,0,0,0,0.03,2.54,0.47
201502013700030400,GoM,2015,SPRING,HB,1370,0,0,0,0.04,1.67,0.48
201502013800070400,GoM,2015,SPRING,HB,1380,0,0,0,0.06,3.19,0.46
201502013800050400,GoM,2015,SPRING,HB,1380,0,1,0,0.08,2.7,0.52
2.0150201380002042e+017,GoM,2015,SPRING,HB,1380,0,0,0,0.08,3.18,0.54
201502013600030400,GoM,2015,SPRING,HB,1360,0,0,0,0.06,2.56,0.7
2.0150201360002042e+017,GoM,2015,SPRING,HB,1360,0,0,0,0.05,2.25,0.61
201502013600050400,GoM,2015,SPRING,HB,1360,0,0,0,0.04,1.78,0.49
201502013600070400,GoM,2015,SPRING,HB,1360,0,0,0,0.04,2.5,0.67
2.0150201360004038e+017,GoM,2015,SPRING,HB,1360,0,0,0,0.04,2.26,0.6
201502013600130400,GoM,2015,SPRING,HB,1360,0,0,0,0.05,2.55,0.67
201502013900070400,GoM,2015,SPRING,HB,1390,0,0,0,-0,1.37,0.41
201502013900050400,GoM,2015,SPRING,HB,1390,0,4,0,0.09,2.37,0.41
201502013800090400,GoM,2015,SPRING,HB,1380,0,1,0,0.06,3.16,0.63
2.0150201390006042e+017,GoM,2015,SPRING,HB,1390,0,0,0,0.31,2.98,0.78
2.0150201390008038e+017,GoM,2015,SPRING,HB,1390,0,0,0,0.08,2,0.61
201502013900030400,GoM,2015,SPRING,HB,1390,0,0,0,0.23,3.09,0.45
201502013800030400,GoM,2015,SPRING,HB,1380,0,0,0,0.1,5.15,0.65
201502014000010400,GoM,2015,SPRING,HB,1400,0,0,0,-0,9.7,2.51
2.0150201400004038e+017,GoM,2015,SPRING,HB,1400,0,0,0,0.05,6.61,3.1
2.0150201270002042e+017,GoM,2015,SPRING,HB,1270,0,0,0,0.04,6.48,2.8
2.0150201270004038e+017,GoM,2015,SPRING,HB,1270,0,1,0,0.04,8.2,3.91
2.0150201260002042e+017,GoM,2015,SPRING,HB,1260,0,110.63,21.37,0.08,28.44,4.76
201502012700050400,GoM,2015,SPRING,HB,1270,0,0,1,0.06,3.4,1.42
201502012700030400,GoM,2015,SPRING,HB,1270,0,0,1,0.05,8.97,4.14
201502012800070400,GoM,2015,SPRING,HB,1280,0,0,0,0.07,2.67,0.69
201504011300020220,GB,2015,FALL,HB,1130,0,0,0,-0.04,0.48,0.29
201504012300050240,GB,2015,FALL,HB,1230,0,0,0,1.41,12.32,2.16
201504012300030240,GB,2015,FALL,HB,1230,0,0,0,0.85,11.5,1.56
201504012300010240,GB,2015,FALL,HB,1230,0,3,0,0.51,12.1,2.28
201504012300020220,GB,2015,FALL,HB,1230,0,0,0,0.49,12.28,2.4
201504012500030240,GB,2015,FALL,HB,1250,0,1,0,1.53,16.97,2.67
201504012500050240,GB,2015,FALL,HB,1250,1.25,63.98,3.76,2.04,24.31,2.85
201504012300040260,GB,2015,FALL,HB,1230,0,7.71,1.29,2.53,8.44,0.58
201504035600020220,GB,2015,FALL,HB,3560,0,0,0,0.71,10.68,1.39
201504035600030240,GB,2015,FALL,HB,3560,0,0,0,0.74,9.99,1.19
201504011300050240,GB,2015,FALL,HB,1130,0,0,0,-0.04,-0.29,0.13
201504011400020220,GB,2015,FALL,HB,1140,0,0,0,-0.1,-0.59,0.06
201504011400040260,GB,2015,FALL,HB,1140,0,0,0,-0.12,-0.66,0.03
201504011500020220,GB,2015,FALL,HB,1150,0,0,0,-0.09,-0.37,0.1
201504011500030240,GB,2015,FALL,HB,1150,0,0,0,-0.21,-0.77,-0.02
201504011300090240,GB,2015,FALL,HB,1130,0,0,0,-0.04,-0.18,0.14
201504011300080260,GB,2015,FALL,HB,1130,0,0,0,-0.04,-0.19,0.13
201504011300060220,GB,2015,FALL,HB,1130,0,0,0,-0.03,-0.04,0.15
201504011900080260,GB,2015,FALL,HB,1190,0,0,0,0.01,0.62,0.13
201504011900060220,GB,2015,FALL,HB,1190,0,0,0,-0,0.7,0.15
201504011900050240,GB,2015,FALL,HB,1190,0,0,0,0.02,0.46,0.12
201504011900100220,GB,2015,FALL,HB,1190,0,0,0,0.07,0.75,0.46
201504011900070240,GB,2015,FALL,HB,1190,0,0,0,0.06,0.78,0.51
201504011300040260,GB,2015,FALL,HB,1130,0,0,0,-0.02,0.41,0.17
201504011300100220,GB,2015,FALL,HB,1130,0,0,0,-0.02,-0.07,0.17
201504011400030240,GB,2015,FALL,HB,1140,0,0,0,-0.04,-0.29,0.15
201504011300070240,GB,2015,FALL,HB,1130,0,0,0,-0.03,-0.16,0.15
201504011500040260,GB,2015,FALL,HB,1150,0,0,0,-0.16,-0.6,0.04
201504011400010240,GB,2015,FALL,HB,1140,0,0,0,-0.02,-0.05,0.21
201504011300010270,GB,2015,FALL,HB,1130,0,0,0,-0.02,-0.1,0.17
201504011300030270,GB,2015,FALL,HB,1130,0,0,0,-0.02,-0.08,0.22
201504011600140300,GB,2015,FALL,HB,1160,0,0,0,0.04,0.7,0.36
201504011600030270,GB,2015,FALL,HB,1160,0,0,0,0.03,0.64,0.35
201504011800040300,GB,2015,FALL,HB,1180,0,0,0,-0.1,-0.23,0.17
201504011700040300,GB,2015,FALL,HB,1170,0,0,0,0.04,1,0.38
201504011700020300,GB,2015,FALL,HB,1170,0,0,0,0.08,1.22,0.54
201504011800030270,GB,2015,FALL,HB,1180,0,0,0,-0.06,-0.02,0.35
201504011600040300,GB,2015,FALL,HB,1160,0,0,0,0.07,1.08,0.52
201504011600020300,GB,2015,FALL,HB,1160,0,0,0,0.77,1.91,0.25
201504011600050270,GB,2015,FALL,HB,1160,0,0,0,0.7,1.76,0.24
201504011600070270,GB,2015,FALL,HB,1160,0,1,0,0.6,2.61,0.56
201504011600100300,GB,2015,FALL,HB,1160,0,0,0,0.36,2.54,0.43
201504011600150270,GB,2015,FALL,HB,1160,0,0,0,0.19,9.48,1.43
201504011600010270,GB,2015,FALL,HB,1160,0,0,0,0.2,10.58,1.71
201504011900040300,GB,2015,FALL,HB,1190,0,0,0,-0.01,1.49,0.41
201504012000080300,GB,2015,FALL,HB,1200,0,0,0,0.02,1.09,0.34
201504012000010270,GB,2015,FALL,HB,1200,0,0,0,0.04,1.09,0.32
201504011900010270,GB,2015,FALL,HB,1190,0,0,0,0.03,1.37,0.35
201504012000020300,GB,2015,FALL,HB,1200,0,0,0,0.02,0.9,0.25
201504012200010270,GB,2015,FALL,HB,1220,0,0,0,-0.02,2.59,0.91
201504012200040300,GB,2015,FALL,HB,1220,0,0,0,0.03,2.42,0.4
201504012000070270,GB,2015,FALL,HB,1200,0,1,0,0.01,1.17,0.44
201504012100040300,GB,2015,FALL,HB,1210,0,0,0,-0,3.69,1.44
201504012000060300,GB,2015,FALL,HB,1200,0,65,0,0.04,1.07,0.33
201504011900020300,GB,2015,FALL,HB,1190,0,0,0,0.02,1.51,0.42
201504011900090270,GB,2015,FALL,HB,1190,0,0,0,0.01,1.45,0.42
201504012000030340,GB,2015,FALL,HB,1200,0,8,0,0.02,1.08,0.35
201504012100020320,GB,2015,FALL,HB,1210,0,0,0,0.11,7.96,2.14
201504012200030340,GB,2015,FALL,HB,1220,0,0,1,0.03,2.76,0.47
201504012100010300,GB,2015,FALL,HB,1210,0,33.75,11.25,0.2,13.68,1.89
201504012200020320,GB,2015,FALL,HB,1220,0,0,1,0.02,2.34,0.41
201504012900030340,GoM,2015,FALL,HB,1290,0,0,0,0.04,1.71,0.55
201504012100030340,GB,2015,FALL,HB,1210,0,38,0,0.21,8.78,1.8
201504011600090300,GB,2015,FALL,HB,1160,0,75.48,2.52,0.39,7.3,1.32
201504011600110340,GB,2015,FALL,HB,1160,0,19.81,6.19,0.26,6.71,1.08
201504011600080320,GB,2015,FALL,HB,1160,13.75,42.5,8.75,0.27,5.55,0.91
201504011600060320,GB,2015,FALL,HB,1160,0,0,0,0.32,7.59,1.22
201504011600120320,GB,2015,FALL,HB,1160,0,0,0,0.07,4.36,0.86
201504011800020320,GB,2015,FALL,HB,1180,0,0,0,0.06,2.34,0.65
201504011700010300,GB,2015,FALL,HB,1170,0,15.33,7.67,-0.02,6.12,1.14
201504011700030340,GB,2015,FALL,HB,1170,0,2.4,3.6,-0.03,3.53,0.76
201504011800050300,GB,2015,FALL,HB,1180,0,1.5,1.5,0.04,3.44,0.53
201504012900090300,GoM,2015,FALL,HB,1290,0,0,0,-0.05,0.28,0.33
201504013000020320,GoM,2015,FALL,HB,1300,0,1.25,3.75,-0.01,0.8,0.46
201504012900100320,GoM,2015,FALL,HB,1290,0,0,0,-0.02,0.64,0.42
201504012900010300,GoM,2015,FALL,HB,1290,0,0,0,0,0.97,0.47
201504013600100350,GoM,2015,FALL,HB,1360,0,0,0,0.01,1.74,0.58
201504012900120350,GoM,2015,FALL,HB,1290,0,2.5,2.5,0.04,2.91,1.25
201504012900080350,GoM,2015,FALL,HB,1290,0,0,0,0.05,2.15,0.69
201504012900050370,GoM,2015,FALL,HB,1290,0,0,0,0.04,1.95,0.68
201504012400050370,GB,2015,FALL,HB,1240,0,4,0,0.06,2.49,0.58
201504012400010370,GB,2015,FALL,HB,1240,0,0,0,0.05,2.34,0.56
201504012400070370,GB,2015,FALL,HB,1240,0,0,0,0.01,2.02,0.77
201504012400060350,GB,2015,FALL,HB,1240,0,0,0,0.01,2.48,0.93
201504012400080350,GB,2015,FALL,HB,1240,0,0,0,-0.01,2.79,1.02
201504012400090370,GB,2015,FALL,HB,1240,0,10.18,3.82,0.03,3.08,0.92
201504012400040350,GB,2015,FALL,HB,1240,0,0,0,0.03,3.3,0.96
201504012400020350,GB,2015,FALL,HB,1240,0,0,0,0.06,2.76,0.61
201504012800050370,GoM,2015,FALL,HB,1280,0,0,0,0.02,1.44,0.4
201504012800020350,GoM,2015,FALL,HB,1280,0,0,0,0.02,1.28,0.4
201504012800070370,GoM,2015,FALL,HB,1280,0,0,0,0.01,1.06,0.38
201504012800010370,GoM,2015,FALL,HB,1280,0,0,0,0.03,1.59,0.53
2.0150401270004038e+017,GoM,2015,FALL,HB,1270,0,0,0,0,1.73,0.5
201504012700050400,GoM,2015,FALL,HB,1270,0,7.8,5.2,0.01,2.38,0.58
201504012600030400,GoM,2015,FALL,HB,1260,0,0,1,0.03,13.52,4.84
201504036100010400,GoM,2015,FALL,HB,3610,0,0,0,1.57,19.18,4.09
201504035600010400,GB,2015,FALL,HB,3560,0,0,0,0.43,13.36,1.28
201504012600050400,GoM,2015,FALL,HB,1260,0,1,0,0.35,40.76,4.09
2.0150403610002042e+017,GoM,2015,FALL,HB,3610,0,0,0,1.54,19.32,3.81
201504036000030400,GoM,2015,FALL,HB,3600,0,0,0,0.6,16.78,7.29
201504035900010400,GoM,2015,FALL,HB,3590,0,0,0,0.02,9.55,1.24
201504036000010400,GoM,2015,FALL,HB,3600,0,0,0,0.61,16.86,7.95
2.0150403590002042e+017,GoM,2015,FALL,HB,3590,0,0,0,0.03,10.75,1.03
2.0150403600002042e+017,GoM,2015,FALL,HB,3600,0,0,0,0.66,11.14,5.86
2.0150403640002042e+017,GoM,2015,FALL,HB,3640,0,19,0,8.19,82.44,6.28
201504036500030400,GoM,2015,FALL,HB,3650,0,26,0,0.33,39.53,5.06
201504036600050400,GoM,2015,FALL,HB,3660,0,18,0,0.74,26.1,2.91
201504036400050400,GoM,2015,FALL,HB,3640,0,13,0,7.21,90.41,7.49
201504036600030400,GoM,2015,FALL,HB,3660,0,45.6,11.4,0.55,25.62,3.32
201504036600010400,GoM,2015,FALL,HB,3660,0,0,0,0.14,18.29,6.64
2.0150403650002042e+017,GoM,2015,FALL,HB,3650,0,0,0,0.04,30.24,4.68
201504036500010400,GoM,2015,FALL,HB,3650,0,3,0,0.06,35.82,5.02
2.0150401270002042e+017,GoM,2015,FALL,HB,1270,0,0,3,0.02,3.6,0.85
201504012800030400,GoM,2015,FALL,HB,1280,0,0,0,0.02,1.8,0.57
2.0150401280004038e+017,GoM,2015,FALL,HB,1280,0,0,0,0.02,1.44,0.42
201504013700070400,GoM,2015,FALL,HB,1370,0,4,0,-0.06,1.65,1.15
201504013700010400,GoM,2015,FALL,HB,1370,0,0,1,-0.02,1.27,0.54
201504013700050400,GoM,2015,FALL,HB,1370,0,0,0,-0.02,1.04,0.49
2.0150401280006042e+017,GoM,2015,FALL,HB,1280,0,0,0,0.02,1.6,0.44
2.0150401370004038e+017,GoM,2015,FALL,HB,1370,0,0,0,-0.02,0.83,0.49
2.0150401370006042e+017,GoM,2015,FALL,HB,1370,0,0,0,-0.02,0.96,0.53
201504013700030400,GoM,2015,FALL,HB,1370,0,0,0,-0.02,1.06,0.51
2.0150401370002042e+017,GoM,2015,FALL,HB,1370,0,0,0,-0.02,1.23,0.55
2.0150401360008038e+017,GoM,2015,FALL,HB,1360,0,0,0,0.05,2.37,0.6
2.0150401360002042e+017,GoM,2015,FALL,HB,1360,0,0,0,0.04,2.27,0.58
201504013600110400,GoM,2015,FALL,HB,1360,0,0,0,0.03,2.3,0.66
2.0150401360006042e+017,GoM,2015,FALL,HB,1360,0,0,0,0.04,2.13,0.56
201504013600030400,GoM,2015,FALL,HB,1360,0,0,0,0.03,1.81,0.55
2.0150401360004038e+017,GoM,2015,FALL,HB,1360,0,0,0,0.04,2.01,0.56
2.0150401360012038e+017,GoM,2015,FALL,HB,1360,0,0,0,0.03,1.98,0.56
201504013800010400,GoM,2015,FALL,HB,1380,0,0,0,-0.04,3.17,1.65
201504013900030400,GoM,2015,FALL,HB,1390,0,0,0,-0,0.38,0.57
201504013900070400,GoM,2015,FALL,HB,1390,0,0,0,-0.02,1.29,1
2.0150401390006042e+017,GoM,2015,FALL,HB,1390,0,0,0,0.05,2.37,1.31
201504013900010400,GoM,2015,FALL,HB,1390,0,0,0,-0.04,1.66,1.93
2.0150401390008038e+017,GoM,2015,FALL,HB,1390,0,0,0,0.02,2.03,1
201504013800030400,GoM,2015,FALL,HB,1380,0,0,0,0.01,1.56,0.42
2.0150401380002042e+017,GoM,2015,FALL,HB,1380,0,1,0,-0.03,2.38,1.29
2.0150401380004038e+017,GoM,2015,FALL,HB,1380,0,0,0,-0.01,2.22,0.89
2.0150401380006042e+017,GoM,2015,FALL,HB,1380,0,3,0,0.66,37.34,3.67
2.0150401380008038e+017,GoM,2015,FALL,HB,1380,0,0,0,-0.01,3.46,1.66
201504013800050400,GoM,2015,FALL,HB,1380,0,3,0,-0.03,2.97,1.19
201504014000030400,GoM,2015,FALL,HB,1400,0,0,0,0.27,5.24,4.42
201504013800070400,GoM,2015,FALL,HB,1380,0,0,0,-0,3.25,1.67
201504012700030400,GoM,2015,FALL,HB,1270,0,0,0,0.01,3.27,1.14
201504014000050400,GoM,2015,FALL,HB,1400,0,1,0,0.53,2.02,0.36
2.0150401400006042e+017,GoM,2015,FALL,HB,1400,0,1,0,0.42,2.61,0.52
2.0150401260004038e+017,GoM,2015,FALL,HB,1260,0,1.5,1.5,0.1,6.86,3.79
201504012700070400,GoM,2015,FALL,HB,1270,0,0,0,-0,1.92,0.68
201504012600070400,GoM,2015,FALL,HB,1260,0,1,0,0.06,7.2,3.97
2.0150401260006042e+017,GoM,2015,FALL,HB,1260,0,4,4,0.35,21.65,5.11
2.0150401260002042e+017,GoM,2015,FALL,HB,1260,0,0,1,0.47,14.4,1.85
201504036500050430,GoM,2015,FALL,HB,3650,0,59.47,2.53,1.54,15.56,1.72
201504036100030430,GoM,2015,FALL,HB,3610,0,34,170,1.02,18.87,2.25
201504035900030430,GoM,2015,FALL,HB,3590,0,0,0,0.43,5.78,1.08
